"Timestamp","Do you use credit cards to accumulate airline miles?","What is your age range?","How many credit cards do you actively use?","Which miles-earning credit cards do you currently hold?","How do you usually decide which credit card to use for a purchase?  ","How confident are you that you use the optimal card for most transactions?","How do you stay updated on miles earning rules and bonus offers?","Do you currently track your monthly spending against bonus caps (e.g., ""SGD 1,000/month cap on dining for 4 mpd"")?","How often are you unsure how a merchant will be categorised (e.g., dining vs retail)? ","Thinking about the past 6 months, did you unknowingly exceed a bonus cap on one of your cards?","Which of these bothers you the MOST?  Pick your top 3","If you had to estimate, what % of your transactions are optimally selected?","From a scale of 1-5, rate how useful this feature is: app that recommends best card to use per transaction based on MCC","From a scale of 1-5, rate how useful this feature is: app that tracks your spending cap per card","Which of these features would you actually use weekly? (Select all that apply)","What is the maximum time you'd spend checking the app before making a payment?","Do you currently pay for any financial/rewards optimization tools or apps?","What would make you willing to pay for this app? (Select all that apply)","Which pricing model would you prefer?","What would you consider a reasonable month price for an app that helps you maximize credit card rewards?"
"2026/02/19 10:34:53 am GMT+8","Yes, actively. I choose specific cards for different purchases to maximize miles","30-39","4","Citi PremierMiles;Citi Rewards","I refer to a blog or website at the time of purchase","4","Sethisfy;Suitesmile;Telegram/online communities;Bank websites / T&Cs directly;Heymax","Yes, I track roughly in my head","2","Once or twice","MCC uncertainty;Not knowing which card earns the best rate for a specific merchant;Accidentally exceeding monthly bonus caps","70–85%","5","5","Merchant MCC lookup (search before payment);Real-time spending cap tracker;Notifications when 80% of cap reached;""Best card"" recommendation based on current caps;Community-verified merchant MCC database","10-20 seconds","No","Nothing - I wouldn't pay regardless of features","Free with ads","$0 (must be free)"
"2026/02/19 10:37:31 am GMT+8","Yes, casually. I earn miles but don't put much effort into optimizing which card I use","30-39","1","HSBC Revolution","I usually use one main card for all purchases","2","Friends / word of mouth;I do not track","No, I don't track bonus caps","4","Once or twice","Not knowing which card earns the best rate for a specific merchant;Keeping up with rule changes across multiple cards;The time and effort required to research and maintain a strategy","<50%","5","3","Merchant MCC lookup (search before payment);""Best card"" recommendation based on current caps;Transaction history showing ""correct"" vs. ""incorrect"" card choices","Won't use if it takes time","No","Nothing - I wouldn't pay regardless of features","Free with ads","$0 (must be free)"
"2026/02/19 10:37:53 am GMT+8","Yes, casually. I earn miles but don't put much effort into optimizing which card I use","30-39","2","Citi PremierMiles;Citi Prestige","I usually use one main card for all purchases","3","SingSaver;The MileLion;Friends / word of mouth","No, I don't track bonus caps","2","Not sure","Not knowing which card earns the best rate for a specific merchant;Keeping up with rule changes across multiple cards;Feeling like I'm leaving miles on the table but not knowing how many","50–70%","4","5","Merchant MCC lookup (search before payment);Real-time spending cap tracker;Notifications when 80% of cap reached;""Best card"" recommendation based on current caps;Transaction history showing ""correct"" vs. ""incorrect"" card choices;Community-verified merchant MCC database","5-10 seconds","No","Saves me time deciding which card to use;Prevents me from losing miles/rewards;Automatic cap tracking (don't have to manually update)","Freemium (basic free, premium features $X/month)","$1-3"
"2026/02/19 11:02:13 am GMT+8","Yes, casually. I earn miles but don't put much effort into optimizing which card I use","30-39","5","Citi PremierMiles;HSBC TravelOne","I usually use one main card for all purchases","5","SingSaver;Bank websites / T&Cs directly;Friends / word of mouth","I'm not aware my cards have bonus caps","1","Once or twice","Not knowing which card earns the best rate for a specific merchant;Keeping up with rule changes across multiple cards;The time and effort required to research and maintain a strategy","50–70%","5","5","Real-time spending cap tracker;""Best card"" recommendation based on current caps;Transaction history showing ""correct"" vs. ""incorrect"" card choices","Under 5 seconds","No","Saves me time deciding which card to use;Automatic cap tracking (don't have to manually update);Proven track record (e.g., ""users save average $X/year"")","Free with ads","$1-3"
"2026/02/19 11:40:37 am GMT+8","Yes, casually. I earn miles but don't put much effort into optimizing which card I use","30-39","3","Citi Rewards;HSBC Revolution;UOB Visa Infinite Metal Card","I usually use one main card for all purchases","1","SingSaver;MoneySmart;The MileLion","No, I don't track bonus caps","4","Not sure","MCC uncertainty;Not knowing which card earns the best rate for a specific merchant;Keeping up with rule changes across multiple cards","<50%","5","4","Merchant MCC lookup (search before payment);Real-time spending cap tracker;""Best card"" recommendation based on current caps","5-10 seconds","No","Saves me time deciding which card to use;Prevents me from losing miles/rewards;Verified merchant MCC data I can trust;Proven track record (e.g., ""users save average $X/year"")","Free with ads","$0 (must be free)"
"2026/02/19 11:50:24 am GMT+8","Yes, actively. I choose specific cards for different purchases to maximize miles","21-29","2","DBS Altitude","I refer to a blog or website at the time of purchase","4","SingSaver;MoneySmart;Seedly;The MileLion","Yes, I track roughly in my head","4","Not sure","Accidentally exceeding monthly bonus caps;Keeping up with rule changes across multiple cards;The time and effort required to research and maintain a strategy","50–70%","4","4","Merchant MCC lookup (search before payment);Real-time spending cap tracker;""Best card"" recommendation based on current caps","5-10 seconds","No","Proven track record (e.g., ""users save average $X/year"");Nothing - I wouldn't pay regardless of features","Freemium (basic free, premium features $X/month)","$1-3"
"2026/02/19 1:50:43 pm GMT+8","Yes, casually. I earn miles but don't put much effort into optimizing which card I use","30-39","3","HSBC premier credit card","I check a spreadsheet or notes I maintain","2","I do not track","No, I don't track bonus caps","3","Not sure","MCC uncertainty;Not knowing which card earns the best rate for a specific merchant;Keeping up with rule changes across multiple cards","50–70%","4","4","Real-time spending cap tracker;""Best card"" recommendation based on current caps","5-10 seconds","No","Nothing - I wouldn't pay regardless of features","Free with ads","$5-8"
"2026/02/19 5:26:10 pm GMT+8","No, I don't use credit cards for miles","","","","","","","","","","","","","","","","","","",""
"2026/02/19 6:28:01 pm GMT+8","Yes, casually. I earn miles but don't put much effort into optimizing which card I use","30-39","2","UOB KrisFlyer","I memorise the rules","3","Friends / word of mouth","No, I don't track bonus caps","3","Not sure","Keeping up with rule changes across multiple cards;The time and effort required to research and maintain a strategy;Managing annual fee waivers and card renewals","<50%","4","3","""Best card"" recommendation based on current caps;Transaction history showing ""correct"" vs. ""incorrect"" card choices","Won't use if it takes time","No","Saves me time deciding which card to use;Automatic cap tracking (don't have to manually update)","Freemium (basic free, premium features $X/month)","$3-5"
"2026/02/19 7:58:32 pm GMT+8","Yes, casually. I earn miles but don't put much effort into optimizing which card I use","30-39","1","AMEX KrisFlyer","I usually use one main card for all purchases","5","Telegram/online communities;Friends / word of mouth;I do not track","No, I don't track bonus caps","4","Not sure","The time and effort required to research and maintain a strategy;Feeling like I'm leaving miles on the table but not knowing how many;Managing annual fee waivers and card renewals","<50%","3","4","Real-time spending cap tracker;Notifications when 80% of cap reached;""Best card"" recommendation based on current caps;Transaction history showing ""correct"" vs. ""incorrect"" card choices","10-20 seconds","Yes","Saves me time deciding which card to use;Prevents me from losing miles/rewards;Automatic cap tracking (don't have to manually update);Proven track record (e.g., ""users save average $X/year"")","One-time purchase","$3-5"
"2026/02/20 9:55:27 am GMT+8","Yes, actively. I choose specific cards for different purchases to maximize miles","30-39","3","DBS Altitude;Maybank XL Rewards;UOB PRVI Miles","I memorise the rules","4","SingSaver;MoneySmart;Friends / word of mouth","Yes, I track carefully using a spreadsheet or app","3","Yes, multiple times","Not knowing which card earns the best rate for a specific merchant;Keeping up with rule changes across multiple cards;The time and effort required to research and maintain a strategy","50–70%","5","5","Merchant MCC lookup (search before payment);Real-time spending cap tracker;Notifications when 80% of cap reached;""Best card"" recommendation based on current caps;Transaction history showing ""correct"" vs. ""incorrect"" card choices","20-30 seconds","No","Automatic cap tracking (don't have to manually update);Proven track record (e.g., ""users save average $X/year"")","Freemium (basic free, premium features $X/month)","$1-3"
"2026/02/20 11:54:44 am GMT+8","No, I don't use credit cards for miles","","","","","","","","","","","","","","","","","","",""
"2026/02/20 7:13:44 pm GMT+8","Yes, casually. I earn miles but don't put much effort into optimizing which card I use","30-39","2","OCBC Voyage;UOB Visa Signature","I choose randomly","2","Bank websites / T&Cs directly;I do not track","No, I don't track bonus caps","2","Yes, multiple times","Not knowing which card earns the best rate for a specific merchant;Keeping up with rule changes across multiple cards;The time and effort required to research and maintain a strategy","<50%","5","5","Real-time spending cap tracker;""Best card"" recommendation based on current caps;Transaction history showing ""correct"" vs. ""incorrect"" card choices","5-10 seconds","No","Saves me time deciding which card to use;Prevents me from losing miles/rewards","Freemium (basic free, premium features $X/month)","$1-3"
"2026/02/20 11:14:32 pm GMT+8","Yes, casually. I earn miles but don't put much effort into optimizing which card I use","30-39","1","Citi PremierMiles","I usually use one main card for all purchases","3","SingSaver;MoneySmart;The MileLion","No, I don't track bonus caps","5","Not sure","MCC uncertainty;The time and effort required to research and maintain a strategy;Managing annual fee waivers and card renewals","50–70%","4","3","""Best card"" recommendation based on current caps;Community-verified merchant MCC database","Under 5 seconds","No","Nothing - I wouldn't pay regardless of features","Free with ads","$0 (must be free)"
"2026/02/21 3:24:51 pm GMT+8","No, I don't use credit cards for miles","","","","","","","","","","","","","","","","","","",""
"2026/02/22 10:21:37 am GMT+8","Yes, casually. I earn miles but don't put much effort into optimizing which card I use","30-39","3","Citi PremierMiles;HSBC Revolution","I usually use one main card for all purchases","4","SingSaver;MoneySmart;The MileLion","No, I don't track bonus caps","4","Not sure","MCC uncertainty;Not knowing which card earns the best rate for a specific merchant;Feeling like I'm leaving miles on the table but not knowing how many","50–70%","5","5","Merchant MCC lookup (search before payment);Real-time spending cap tracker;""Best card"" recommendation based on current caps;Transaction history showing ""correct"" vs. ""incorrect"" card choices;Community-verified merchant MCC database","5-10 seconds","No","Nothing - I wouldn't pay regardless of features","Free with ads","$0 (must be free)"
"2026/02/22 3:39:34 pm GMT+8","Yes, actively. I choose specific cards for different purchases to maximize miles","21-29","4","Citi Rewards;DBS Altitude;DBS Woman's World Card;HSBC Revolution","I memorise the rules","4","The MileLion;Telegram/online communities","Yes, I track roughly in my head","3","Once or twice","MCC uncertainty;Not knowing which card earns the best rate for a specific merchant;Keeping up with rule changes across multiple cards","70–85%","5","5","Merchant MCC lookup (search before payment);Real-time spending cap tracker;Notifications when 80% of cap reached","5-10 seconds","No","Prevents me from losing miles/rewards;Verified merchant MCC data I can trust;Automatic cap tracking (don't have to manually update)","Free with ads","$0 (must be free)"
"2026/02/22 4:05:47 pm GMT+8","Yes, casually. I earn miles but don't put much effort into optimizing which card I use","21-29","2","DBS yuu Visa Card","I choose randomly","3","SingSaver;Bank websites / T&Cs directly;Friends / word of mouth","No, I don't track bonus caps","2","Not sure","Not knowing which card earns the best rate for a specific merchant;Keeping up with rule changes across multiple cards;The time and effort required to research and maintain a strategy","50–70%","5","5","Merchant MCC lookup (search before payment);""Best card"" recommendation based on current caps;Transaction history showing ""correct"" vs. ""incorrect"" card choices","20-30 seconds","No","Saves me time deciding which card to use;Prevents me from losing miles/rewards","Free with ads","$5-8"
"2026/02/23 9:09:18 am GMT+8","No, I don't use credit cards for miles","","","","","","","","","","","","","","","","","","",""
"2026/02/23 9:15:10 am GMT+8","Yes, casually. I earn miles but don't put much effort into optimizing which card I use","21-29","3","Citi Rewards;DBS Woman's World Card;UOB Lady's Card","I memorise the rules","3","MoneySmart","Yes, I track roughly in my head","2","No","Keeping up with rule changes across multiple cards;Feeling like I'm leaving miles on the table but not knowing how many;Managing annual fee waivers and card renewals","50–70%","5","5","Community-verified merchant MCC database","Under 5 seconds","No","Nothing - I wouldn't pay regardless of features","Free with ads","$0 (must be free)"
"2026/02/23 9:16:01 am GMT+8","Yes, casually. I earn miles but don't put much effort into optimizing which card I use","21-29","2","Citi Rewards;UOB Preferred Platinum","I refer to a blog or website at the time of purchase","3","I do not track","No, I don't track bonus caps","4","No","MCC uncertainty;The time and effort required to research and maintain a strategy;Feeling like I'm leaving miles on the table but not knowing how many","<50%","5","5","Notifications when 80% of cap reached;""Best card"" recommendation based on current caps","10-20 seconds","No","Nothing - I wouldn't pay regardless of features","Free with ads","$0 (must be free)"
"2026/02/23 9:18:00 am GMT+8","No, I don't use credit cards for miles","","","","","","","","","","","","","","","","","","",""
"2026/02/23 9:24:02 am GMT+8","Yes, casually. I earn miles but don't put much effort into optimizing which card I use","21-29","2","UOB KrisFlyer;UOB PRVI Miles","I usually use one main card for all purchases","4","MoneySmart;Reddit","Yes, I track roughly in my head","3","No","Not knowing which card earns the best rate for a specific merchant;Feeling like I'm leaving miles on the table but not knowing how many;Managing annual fee waivers and card renewals","50–70%","4","4","""Best card"" recommendation based on current caps;Transaction history showing ""correct"" vs. ""incorrect"" card choices","5-10 seconds","Yes","Gamification","Freemium (basic free, premium features $X/month)","$3-5"
"2026/02/23 9:38:54 am GMT+8","No, I don't use credit cards for miles","","","","","","","","","","","","","","","","","","",""
"2026/02/23 9:45:39 am GMT+8","Yes, actively. I choose specific cards for different purchases to maximize miles","21-29","3","Citi Rewards;OCBC Rewards Card;UOB Lady's Card;UOB Preferred Platinum","I memorise the rules","3","The MileLion;Friends / word of mouth","Yes, I track roughly in my head","3","Once or twice","MCC uncertainty;Keeping up with rule changes across multiple cards;The time and effort required to research and maintain a strategy","50–70%","4","4","Merchant MCC lookup (search before payment);Real-time spending cap tracker;""Best card"" recommendation based on current caps;Transaction history showing ""correct"" vs. ""incorrect"" card choices;Community-verified merchant MCC database","5-10 seconds","No","Its an intermediate wallet/card that links to the best card automatically","One-time purchase","$1-3"
"2026/02/23 9:47:26 am GMT+8","Yes, casually. I earn miles but don't put much effort into optimizing which card I use","21-29","1","HSBC Revolution","I usually use one main card for all purchases","2","SingSaver;MoneySmart;Reddit;Telegram/online communities","No, I don't track bonus caps","4","No","Not knowing which card earns the best rate for a specific merchant;Keeping up with rule changes across multiple cards;The time and effort required to research and maintain a strategy","<50%","5","4","Merchant MCC lookup (search before payment);Real-time spending cap tracker;""Best card"" recommendation based on current caps","10-20 seconds","No","Saves me time deciding which card to use;Prevents me from losing miles/rewards","Freemium (basic free, premium features $X/month)","$0 (must be free)"
"2026/02/23 9:59:10 am GMT+8","Yes, actively. I choose specific cards for different purchases to maximize miles","30-39",">10","AMEX Platinum Card;Citi PremierMiles;Citi Prestige;Citi Rewards;DBS Altitude;DBS Woman's World Card;HSBC Revolution;HSBC TravelOne;Maybank XL Rewards;OCBC 90°N;OCBC Rewards Card;StanChart Journey (formerly X Card);UOB Lady's Solitaire;UOB Preferred Platinum","I refer to a blog or website at the time of purchase","4","The MileLion;Suitesmile;Mainly Miles;Telegram/online communities","Yes, I track carefully using a spreadsheet or app","3","Once or twice","MCC uncertainty;Keeping up with rule changes across multiple cards;The time and effort required to research and maintain a strategy","70–85%","5","5","Merchant MCC lookup (search before payment);Real-time spending cap tracker;Notifications when 80% of cap reached;""Best card"" recommendation based on current caps","10-20 seconds","No","Saves me time deciding which card to use;Prevents me from losing miles/rewards;Verified merchant MCC data I can trust;Automatic cap tracking (don't have to manually update);Proven track record (e.g., ""users save average $X/year"")","Freemium (basic free, premium features $X/month)","$5-8"
"2026/02/23 10:06:20 am GMT+8","Yes, casually. I earn miles but don't put much effort into optimizing which card I use","21-29","1","UOB Preferred Platinum","I usually use one main card for all purchases","3","Telegram/online communities","No, I don't track bonus caps","4","No","MCC uncertainty;Keeping up with rule changes across multiple cards;The time and effort required to research and maintain a strategy","<50%","4","5","Merchant MCC lookup (search before payment);Real-time spending cap tracker;""Best card"" recommendation based on current caps;Community-verified merchant MCC database","20-30 seconds","No","Nothing - I wouldn't pay regardless of features","Free with ads","$0 (must be free)"
"2026/02/23 10:14:23 am GMT+8","No, I don't use credit cards for miles","","","","","","","","","","","","","","","","","","",""
"2026/02/23 10:17:44 am GMT+8","Yes, casually. I earn miles but don't put much effort into optimizing which card I use","40-49","5","DBS yuu Visa Card","I memorise the rules","4","Friends / word of mouth;I do not track","Yes, I track carefully using a spreadsheet or app","3","No","MCC uncertainty;Accidentally exceeding monthly bonus caps;Managing annual fee waivers and card renewals","70–85%","4","4","Merchant MCC lookup (search before payment);Real-time spending cap tracker;""Best card"" recommendation based on current caps;Community-verified merchant MCC database","5-10 seconds","No","Saves me time deciding which card to use;Prevents me from losing miles/rewards;Verified merchant MCC data I can trust;Automatic cap tracking (don't have to manually update);Proven track record (e.g., ""users save average $X/year"")","One-time purchase","$0 (must be free)"
"2026/02/23 11:05:11 am GMT+8","Yes, casually. I earn miles but don't put much effort into optimizing which card I use","40-49","3","DBS Altitude;DBS Woman's World Card;UOB KrisFlyer","I usually use one main card for all purchases","2","I do not track","No, I don't track bonus caps","3","Not sure","Not knowing which card earns the best rate for a specific merchant;The time and effort required to research and maintain a strategy;Managing annual fee waivers and card renewals","<50%","3","3","""Best card"" recommendation based on current caps","5-10 seconds","No","Nothing - I wouldn't pay regardless of features","Free with ads","$1-3"
"2026/02/23 11:13:19 am GMT+8","No, I don't use credit cards for miles","","","","","","","","","","","","","","","","","","",""
"2026/02/23 11:23:56 am GMT+8","Yes, casually. I earn miles but don't put much effort into optimizing which card I use","21-29","2","DBS Altitude","I usually use one main card for all purchases","3","Friends / word of mouth","No, I don't track bonus caps","3","Not sure","Not knowing which card earns the best rate for a specific merchant;The time and effort required to research and maintain a strategy;Feeling like I'm leaving miles on the table but not knowing how many","<50%","5","5","Notifications when 80% of cap reached;""Best card"" recommendation based on current caps","Under 5 seconds","No","Nothing - I wouldn't pay regardless of features","Free with ads","$0 (must be free)"
"2026/02/23 11:37:26 am GMT+8","No, I don't use credit cards for miles","","","","","","","","","","","","","","","","","","",""
"2026/02/23 11:55:51 am GMT+8","No, I don't use credit cards for miles","","","","","","","","","","","","","","","","","","",""
"2026/02/23 2:29:12 pm GMT+8","Yes, actively. I choose specific cards for different purchases to maximize miles","40-49","5","AMEX KrisFlyer;Citi Rewards;DBS Woman's World Card;HSBC Revolution;HSBC Visa Infinite;UOB KrisFlyer;UOB Preferred Platinum;UOB Visa Signature","I check a spreadsheet or notes I maintain","4","The MileLion","I try to but often forget or lose track","4","Yes, multiple times","Not knowing which card earns the best rate for a specific merchant;Accidentally exceeding monthly bonus caps;Feeling like I'm leaving miles on the table but not knowing how many","70–85%","3","4","Merchant MCC lookup (search before payment);Real-time spending cap tracker;Notifications when 80% of cap reached;""Best card"" recommendation based on current caps;Transaction history showing ""correct"" vs. ""incorrect"" card choices;Community-verified merchant MCC database","10-20 seconds","No","Saves me time deciding which card to use;Prevents me from losing miles/rewards;Verified merchant MCC data I can trust;Automatic cap tracking (don't have to manually update);Proven track record (e.g., ""users save average $X/year"")","Freemium (basic free, premium features $X/month)","$3-5"
"2026/02/23 6:40:36 pm GMT+8","Yes, actively. I choose specific cards for different purchases to maximize miles","30-39","2","AMEX KrisFlyer Ascend;Citi Prestige;Citi Rewards;DBS Vantage Visa Infinite;HSBC TravelOne","I memorise the rules","4","SingSaver;MoneySmart;The MileLion;Sethisfy;Suitesmile;Telegram/online communities","Yes, I track roughly in my head","3","Once or twice","MCC uncertainty;Accidentally exceeding monthly bonus caps;Managing annual fee waivers and card renewals","70–85%","5","3","Merchant MCC lookup (search before payment);Real-time spending cap tracker;Notifications when 80% of cap reached;""Best card"" recommendation based on current caps;Transaction history showing ""correct"" vs. ""incorrect"" card choices;Community-verified merchant MCC database","Under 5 seconds","No","Saves me time deciding which card to use","Freemium (basic free, premium features $X/month)","$1-3"
"2026/02/23 7:02:04 pm GMT+8","No, I don't use credit cards for miles","","","","","","","","","","","","","","","","","","",""
"2026/02/23 8:06:08 pm GMT+8","No, I don't use credit cards for miles","","","","","","","","","","","","","","","","","","",""
"2026/02/24 8:33:22 pm GMT+8","Yes, casually. I earn miles but don't put much effort into optimizing which card I use","30-39","2","Citi Prestige;UOB Lady's Solitaire","I usually use one main card for all purchases","3","I do not track","No, I don't track bonus caps","2","Yes, multiple times","Keeping up with rule changes across multiple cards;The time and effort required to research and maintain a strategy;Feeling like I'm leaving miles on the table but not knowing how many","<50%","4","4","Notifications when 80% of cap reached;Transaction history showing ""correct"" vs. ""incorrect"" card choices","5-10 seconds","No","Nothing - I wouldn't pay regardless of features","Freemium (basic free, premium features $X/month)","$0 (must be free)"
"2026/02/24 8:34:34 pm GMT+8","Yes, casually. I earn miles but don't put much effort into optimizing which card I use","30-39","2","Citi Prestige","I usually use one main card for all purchases","2","Friends / word of mouth","I'm not aware my cards have bonus caps","4","Not sure","Not knowing which card earns the best rate for a specific merchant;Keeping up with rule changes across multiple cards;The time and effort required to research and maintain a strategy","50–70%","5","5","Real-time spending cap tracker;""Best card"" recommendation based on current caps;Transaction history showing ""correct"" vs. ""incorrect"" card choices","5-10 seconds","No","Saves me time deciding which card to use;Automatic cap tracking (don't have to manually update);Proven track record (e.g., ""users save average $X/year"")","Pay-per-optimization (e.g. $0.10 per merchant lookup)","$3-5"
"2026/02/26 11:24:31 am GMT+8","Yes, actively. I choose specific cards for different purchases to maximize miles","21-29","5","Citi Rewards;UOB KrisFlyer;UOB PRVI Miles","I memorise the rules","3","SingSaver;MoneySmart;The MileLion","Yes, I track roughly in my head","4","No","MCC uncertainty;Keeping up with rule changes across multiple cards;Managing annual fee waivers and card renewals","50–70%","5","5","Merchant MCC lookup (search before payment);Real-time spending cap tracker;Notifications when 80% of cap reached;""Best card"" recommendation based on current caps;Transaction history showing ""correct"" vs. ""incorrect"" card choices","5-10 seconds","No","Nothing - I wouldn't pay regardless of features","Free with ads","$0 (must be free)"
"2026/02/26 4:31:18 pm GMT+8","Yes, actively. I choose specific cards for different purchases to maximize miles","21-29","5","AMEX KrisFlyer;Citi Rewards;DBS Woman's World Card;HSBC Revolution;UOB KrisFlyer;UOB Lady's Card;UOB PRVI Miles;UOB Preferred Platinum;UOB Visa Signature","I check a spreadsheet or notes I maintain","5","SingSaver;MoneySmart;Friends / word of mouth","Yes, I track carefully using a spreadsheet or app","2","Once or twice","Accidentally exceeding monthly bonus caps;Keeping up with rule changes across multiple cards;Managing annual fee waivers and card renewals","85%+","5","5","Merchant MCC lookup (search before payment);Real-time spending cap tracker;Notifications when 80% of cap reached;""Best card"" recommendation based on current caps;Transaction history showing ""correct"" vs. ""incorrect"" card choices","20-30 seconds","No","Saves me time deciding which card to use;Prevents me from losing miles/rewards;Automatic cap tracking (don't have to manually update)","One-time purchase","$8-12"
"2026/02/27 10:37:43 pm GMT+8","Yes, casually. I earn miles but don't put much effort into optimizing which card I use","40-49","3","AMEX Platinum Card;Citi PremierMiles;DBS Altitude;DBS Vantage Visa Infinite;OCBC 90°N","I usually use one main card for all purchases","5","SingSaver;MoneySmart;Seedly;The MileLion;Mainly Miles;Reddit","No, I don't track bonus caps","3","Not sure","Not knowing which card earns the best rate for a specific merchant;Keeping up with rule changes across multiple cards;The time and effort required to research and maintain a strategy","50–70%","5","5","Real-time spending cap tracker;""Best card"" recommendation based on current caps","5-10 seconds","No","Saves me time deciding which card to use;Automatic cap tracking (don't have to manually update)","One-time purchase","$1-3"
"2026/02/28 10:26:30 am GMT+8","Yes, actively. I choose specific cards for different purchases to maximize miles","40-49","5","Citi PremierMiles;DBS Altitude;DBS Woman's World Card;UOB Lady's Card;UOB Preferred Platinum","I memorise the rules","2","The MileLion","I try to but often forget or lose track","2","Once or twice","Not knowing which card earns the best rate for a specific merchant;Keeping up with rule changes across multiple cards;Feeling like I'm leaving miles on the table but not knowing how many","50–70%","2","5","Real-time spending cap tracker;Notifications when 80% of cap reached;""Best card"" recommendation based on current caps;Transaction history showing ""correct"" vs. ""incorrect"" card choices","Under 5 seconds","No","Prevents me from losing miles/rewards","Freemium (basic free, premium features $X/month)","$5-8"
"2026/02/28 11:17:05 am GMT+8","Yes, actively. I choose specific cards for different purchases to maximize miles","21-29","4","Citi Rewards;UOB Lady's Card","I memorise the rules","1","The MileLion;Telegram/online communities;Bank websites / T&Cs directly;Friends / word of mouth","I try to but often forget or lose track","5","Not sure","MCC uncertainty;Not knowing which card earns the best rate for a specific merchant;The time and effort required to research and maintain a strategy","<50%","5","5","Real-time spending cap tracker;""Best card"" recommendation based on current caps;Transaction history showing ""correct"" vs. ""incorrect"" card choices","10-20 seconds","No","Nothing - I wouldn't pay regardless of features","Free with ads","$0 (must be free)"
"2026/02/28 3:29:44 pm GMT+8","Yes, casually. I earn miles but don't put much effort into optimizing which card I use","40-49","1","AMEX KrisFlyer;Citi PremierMiles","I usually use one main card for all purchases","3","I do not track","I'm not aware my cards have bonus caps","4","Yes, multiple times","Keeping up with rule changes across multiple cards;The time and effort required to research and maintain a strategy;Feeling like I'm leaving miles on the table but not knowing how many","<50%","5","5","Real-time spending cap tracker;Notifications when 80% of cap reached;Transaction history showing ""correct"" vs. ""incorrect"" card choices","Under 5 seconds","No","Saves me time deciding which card to use;Proven track record (e.g., ""users save average $X/year"")","Freemium (basic free, premium features $X/month)","$0 (must be free)"
"2026/02/28 5:27:46 pm GMT+8","Yes, casually. I earn miles but don't put much effort into optimizing which card I use","30-39","1","Citi PremierMiles;UOB PRVI Miles","I usually use one main card for all purchases","1","I do not track","No, I don't track bonus caps","5","Not sure","Not knowing which card earns the best rate for a specific merchant;The time and effort required to research and maintain a strategy;Feeling like I'm leaving miles on the table but not knowing how many","<50%","4","4","Merchant MCC lookup (search before payment);Real-time spending cap tracker;""Best card"" recommendation based on current caps","5-10 seconds","No","Verified merchant MCC data I can trust","Free with ads","$0 (must be free)"
"2026/02/28 6:45:45 pm GMT+8","No, I don't use credit cards for miles","","","","","","","","","","","","","","","","","","",""
"2026/02/28 10:34:53 pm GMT+8","Yes, casually. I earn miles but don't put much effort into optimizing which card I use","40-49","2","DBS Altitude","I usually use one main card for all purchases","2","Seedly;The MileLion","No, I don't track bonus caps","4","Yes, multiple times","MCC uncertainty;The time and effort required to research and maintain a strategy;Managing annual fee waivers and card renewals","<50%","5","5","Real-time spending cap tracker;Notifications when 80% of cap reached;""Best card"" recommendation based on current caps","5-10 seconds","No","Nothing - I wouldn't pay regardless of features","Free with ads","$0 (must be free)"